winds,classes,0,1,2,3,4,5,6,7,8,9,10,11,12,13,14,15,16
n01443537,"goldfish, Carassius auratus","['cyprinid', 'cyprinid_fish']",['cypriniform_fish'],"['soft-finned_fish', 'malacopterygian']","['teleost_fish', 'teleost', 'teleostan']",['bony_fish'],['fish'],['aquatic_vertebrate'],"['vertebrate', 'craniate']",['chordate'],"['animal', 'animate_being', 'beast', 'brute', 'creature', 'fauna']","['organism', 'being']","['living_thing', 'animate_thing']","['whole', 'unit']","['object', 'physical_object']",['physical_entity'],['entity'],
n01629819,"European fire salamander, Salamandra salamandra",['salamander'],['amphibian'],"['vertebrate', 'craniate']",['chordate'],"['animal', 'animate_being', 'beast', 'brute', 'creature', 'fauna']","['organism', 'being']","['living_thing', 'animate_thing']","['whole', 'unit']","['object', 'physical_object']",['physical_entity'],['entity'],,,,,,
n01641577,"bullfrog, Rana catesbeiana","['true_frog', 'ranid']","['frog', 'toad', 'toad_frog', 'anuran', 'batrachian', 'salientian']",['amphibian'],"['vertebrate', 'craniate']",['chordate'],"['animal', 'animate_being', 'beast', 'brute', 'creature', 'fauna']","['organism', 'being']","['living_thing', 'animate_thing']","['whole', 'unit']","['object', 'physical_object']",['physical_entity'],['entity'],,,,,
n01644900,"tailed frog, bell toad, ribbed toad, tailed toad, Ascaphus trui","['frog', 'toad', 'toad_frog', 'anuran', 'batrachian', 'salientian']",['amphibian'],"['vertebrate', 'craniate']",['chordate'],"['animal', 'animate_being', 'beast', 'brute', 'creature', 'fauna']","['organism', 'being']","['living_thing', 'animate_thing']","['whole', 'unit']","['object', 'physical_object']",['physical_entity'],['entity'],,,,,,
n01698640,"American alligator, Alligator mississipiensis","['alligator', 'gator']","['crocodilian_reptile', 'crocodilian']","['diapsid', 'diapsid_reptile']","['reptile', 'reptilian']","['vertebrate', 'craniate']",['chordate'],"['animal', 'animate_being', 'beast', 'brute', 'creature', 'fauna']","['organism', 'being']","['living_thing', 'animate_thing']","['whole', 'unit']","['object', 'physical_object']",['physical_entity'],['entity'],,,,
n01742172,"boa constrictor, Constrictor constrictor",['boa'],['constrictor'],"['snake', 'serpent', 'ophidian']","['diapsid', 'diapsid_reptile']","['reptile', 'reptilian']","['vertebrate', 'craniate']",['chordate'],"['animal', 'animate_being', 'beast', 'brute', 'creature', 'fauna']","['organism', 'being']","['living_thing', 'animate_thing']","['whole', 'unit']","['object', 'physical_object']",['physical_entity'],['entity'],,,
n01768244,trilobite,['arthropod'],['invertebrate'],"['animal', 'animate_being', 'beast', 'brute', 'creature', 'fauna']","['organism', 'being']","['living_thing', 'animate_thing']","['whole', 'unit']","['object', 'physical_object']",['physical_entity'],['entity'],,,,,,,,
n01770393,scorpion,"['arachnid', 'arachnoid']",['arthropod'],['invertebrate'],"['animal', 'animate_being', 'beast', 'brute', 'creature', 'fauna']","['organism', 'being']","['living_thing', 'animate_thing']","['whole', 'unit']","['object', 'physical_object']",['physical_entity'],['entity'],,,,,,,
n01774384,"black widow, Latrodectus mactans",['spider'],"['arachnid', 'arachnoid']",['arthropod'],['invertebrate'],"['animal', 'animate_being', 'beast', 'brute', 'creature', 'fauna']","['organism', 'being']","['living_thing', 'animate_thing']","['whole', 'unit']","['object', 'physical_object']",['physical_entity'],['entity'],,,,,,
n01774750,tarantula,['spider'],"['arachnid', 'arachnoid']",['arthropod'],['invertebrate'],"['animal', 'animate_being', 'beast', 'brute', 'creature', 'fauna']","['organism', 'being']","['living_thing', 'animate_thing']","['whole', 'unit']","['object', 'physical_object']",['physical_entity'],['entity'],,,,,,
n01784675,centipede,['arthropod'],['invertebrate'],"['animal', 'animate_being', 'beast', 'brute', 'creature', 'fauna']","['organism', 'being']","['living_thing', 'animate_thing']","['whole', 'unit']","['object', 'physical_object']",['physical_entity'],['entity'],,,,,,,,
n01855672,goose,['anseriform_bird'],"['waterfowl', 'water_bird', 'waterbird']",['aquatic_bird'],['bird'],"['vertebrate', 'craniate']",['chordate'],"['animal', 'animate_being', 'beast', 'brute', 'creature', 'fauna']","['organism', 'being']","['living_thing', 'animate_thing']","['whole', 'unit']","['object', 'physical_object']",['physical_entity'],['entity'],,,,
n01882714,"koala, koala bear, kangaroo bear, native bear, Phascolarctos cinereus","['phalanger', 'opossum', 'possum']","['marsupial', 'pouched_mammal']",['metatherian'],"['mammal', 'mammalian']","['vertebrate', 'craniate']",['chordate'],"['animal', 'animate_being', 'beast', 'brute', 'creature', 'fauna']","['organism', 'being']","['living_thing', 'animate_thing']","['whole', 'unit']","['object', 'physical_object']",['physical_entity'],['entity'],,,,
n01910747,jellyfish,"['coelenterate', 'cnidarian']",['invertebrate'],"['animal', 'animate_being', 'beast', 'brute', 'creature', 'fauna']","['organism', 'being']","['living_thing', 'animate_thing']","['whole', 'unit']","['object', 'physical_object']",['physical_entity'],['entity'],,,,,,,,
n01917289,brain coral,"['stony_coral', 'madrepore', 'madriporian_coral']",['coral'],"['anthozoan', 'actinozoan']","['coelenterate', 'cnidarian']",['invertebrate'],"['animal', 'animate_being', 'beast', 'brute', 'creature', 'fauna']","['organism', 'being']","['living_thing', 'animate_thing']","['whole', 'unit']","['object', 'physical_object']",['physical_entity'],['entity'],,,,,
n01944390,snail,"['gastropod', 'univalve']","['mollusk', 'mollusc', 'shellfish']",['invertebrate'],"['animal', 'animate_being', 'beast', 'brute', 'creature', 'fauna']","['organism', 'being']","['living_thing', 'animate_thing']","['whole', 'unit']","['object', 'physical_object']",['physical_entity'],['entity'],,,,,,,
n01945685,slug,"['gastropod', 'univalve']","['mollusk', 'mollusc', 'shellfish']",['invertebrate'],"['animal', 'animate_being', 'beast', 'brute', 'creature', 'fauna']","['organism', 'being']","['living_thing', 'animate_thing']","['whole', 'unit']","['object', 'physical_object']",['physical_entity'],['entity'],,,,,,,
n01950731,"sea slug, nudibranch","['gastropod', 'univalve']","['mollusk', 'mollusc', 'shellfish']",['invertebrate'],"['animal', 'animate_being', 'beast', 'brute', 'creature', 'fauna']","['organism', 'being']","['living_thing', 'animate_thing']","['whole', 'unit']","['object', 'physical_object']",['physical_entity'],['entity'],,,,,,,
n01983481,"American lobster, Northern lobster, Maine lobster, Homarus americanus",['true_lobster'],['lobster'],"['decapod_crustacean', 'decapod']",['crustacean'],['arthropod'],['invertebrate'],"['animal', 'animate_being', 'beast', 'brute', 'creature', 'fauna']","['organism', 'being']","['living_thing', 'animate_thing']","['whole', 'unit']","['object', 'physical_object']",['physical_entity'],['entity'],,,,
n01984695,"spiny lobster, langouste, rock lobster, crawfish, crayfish, sea crawfish",['lobster'],"['decapod_crustacean', 'decapod']",['crustacean'],['arthropod'],['invertebrate'],"['animal', 'animate_being', 'beast', 'brute', 'creature', 'fauna']","['organism', 'being']","['living_thing', 'animate_thing']","['whole', 'unit']","['object', 'physical_object']",['physical_entity'],['entity'],,,,,
n02002724,"black stork, Ciconia nigra",['stork'],"['wading_bird', 'wader']",['aquatic_bird'],['bird'],"['vertebrate', 'craniate']",['chordate'],"['animal', 'animate_being', 'beast', 'brute', 'creature', 'fauna']","['organism', 'being']","['living_thing', 'animate_thing']","['whole', 'unit']","['object', 'physical_object']",['physical_entity'],['entity'],,,,
n02056570,"king penguin, Aptenodytes patagonica",['penguin'],['sphenisciform_seabird'],"['seabird', 'sea_bird', 'seafowl']",['aquatic_bird'],['bird'],"['vertebrate', 'craniate']",['chordate'],"['animal', 'animate_being', 'beast', 'brute', 'creature', 'fauna']","['organism', 'being']","['living_thing', 'animate_thing']","['whole', 'unit']","['object', 'physical_object']",['physical_entity'],['entity'],,,
n02058221,"albatross, mollymawk","['pelagic_bird', 'oceanic_bird']","['seabird', 'sea_bird', 'seafowl']",['aquatic_bird'],['bird'],"['vertebrate', 'craniate']",['chordate'],"['animal', 'animate_being', 'beast', 'brute', 'creature', 'fauna']","['organism', 'being']","['living_thing', 'animate_thing']","['whole', 'unit']","['object', 'physical_object']",['physical_entity'],['entity'],,,,
n02074367,"dugong, Dugong dugon","['sea_cow', 'sirenian_mammal', 'sirenian']",['aquatic_mammal'],"['placental', 'placental_mammal', 'eutherian', 'eutherian_mammal']","['mammal', 'mammalian']","['vertebrate', 'craniate']",['chordate'],"['animal', 'animate_being', 'beast', 'brute', 'creature', 'fauna']","['organism', 'being']","['living_thing', 'animate_thing']","['whole', 'unit']","['object', 'physical_object']",['physical_entity'],['entity'],,,,
n02085620,Chihuahua,"['toy_dog', 'toy']","['dog', 'domestic_dog', 'Canis_familiaris']","['canine', 'canid']",['carnivore'],"['placental', 'placental_mammal', 'eutherian', 'eutherian_mammal']","['mammal', 'mammalian']","['vertebrate', 'craniate']",['chordate'],"['animal', 'animate_being', 'beast', 'brute', 'creature', 'fauna']","['organism', 'being']","['living_thing', 'animate_thing']","['whole', 'unit']","['object', 'physical_object']",['physical_entity'],['entity'],,
n02094433,Yorkshire terrier,['terrier'],['hunting_dog'],"['dog', 'domestic_dog', 'Canis_familiaris']","['canine', 'canid']",['carnivore'],"['placental', 'placental_mammal', 'eutherian', 'eutherian_mammal']","['mammal', 'mammalian']","['vertebrate', 'craniate']",['chordate'],"['animal', 'animate_being', 'beast', 'brute', 'creature', 'fauna']","['organism', 'being']","['living_thing', 'animate_thing']","['whole', 'unit']","['object', 'physical_object']",['physical_entity'],['entity'],
n02099601,golden retriever,['retriever'],"['sporting_dog', 'gun_dog']",['hunting_dog'],"['dog', 'domestic_dog', 'Canis_familiaris']","['canine', 'canid']",['carnivore'],"['placental', 'placental_mammal', 'eutherian', 'eutherian_mammal']","['mammal', 'mammalian']","['vertebrate', 'craniate']",['chordate'],"['animal', 'animate_being', 'beast', 'brute', 'creature', 'fauna']","['organism', 'being']","['living_thing', 'animate_thing']","['whole', 'unit']","['object', 'physical_object']",['physical_entity'],['entity']
n02099712,Labrador retriever,['retriever'],"['sporting_dog', 'gun_dog']",['hunting_dog'],"['dog', 'domestic_dog', 'Canis_familiaris']","['canine', 'canid']",['carnivore'],"['placental', 'placental_mammal', 'eutherian', 'eutherian_mammal']","['mammal', 'mammalian']","['vertebrate', 'craniate']",['chordate'],"['animal', 'animate_being', 'beast', 'brute', 'creature', 'fauna']","['organism', 'being']","['living_thing', 'animate_thing']","['whole', 'unit']","['object', 'physical_object']",['physical_entity'],['entity']
n02106662,"German shepherd, German shepherd dog, German police dog, alsatian","['shepherd_dog', 'sheepdog', 'sheep_dog']",['working_dog'],"['dog', 'domestic_dog', 'Canis_familiaris']","['canine', 'canid']",['carnivore'],"['placental', 'placental_mammal', 'eutherian', 'eutherian_mammal']","['mammal', 'mammalian']","['vertebrate', 'craniate']",['chordate'],"['animal', 'animate_being', 'beast', 'brute', 'creature', 'fauna']","['organism', 'being']","['living_thing', 'animate_thing']","['whole', 'unit']","['object', 'physical_object']",['physical_entity'],['entity'],
n02113799,standard poodle,"['poodle', 'poodle_dog']","['dog', 'domestic_dog', 'Canis_familiaris']","['canine', 'canid']",['carnivore'],"['placental', 'placental_mammal', 'eutherian', 'eutherian_mammal']","['mammal', 'mammalian']","['vertebrate', 'craniate']",['chordate'],"['animal', 'animate_being', 'beast', 'brute', 'creature', 'fauna']","['organism', 'being']","['living_thing', 'animate_thing']","['whole', 'unit']","['object', 'physical_object']",['physical_entity'],['entity'],,
n02123045,"tabby, tabby cat","['domestic_cat', 'house_cat', 'Felis_domesticus', 'Felis_catus']","['cat', 'true_cat']","['feline', 'felid']",['carnivore'],"['placental', 'placental_mammal', 'eutherian', 'eutherian_mammal']","['mammal', 'mammalian']","['vertebrate', 'craniate']",['chordate'],"['animal', 'animate_being', 'beast', 'brute', 'creature', 'fauna']","['organism', 'being']","['living_thing', 'animate_thing']","['whole', 'unit']","['object', 'physical_object']",['physical_entity'],['entity'],,
n02123394,Persian cat,"['domestic_cat', 'house_cat', 'Felis_domesticus', 'Felis_catus']","['cat', 'true_cat']","['feline', 'felid']",['carnivore'],"['placental', 'placental_mammal', 'eutherian', 'eutherian_mammal']","['mammal', 'mammalian']","['vertebrate', 'craniate']",['chordate'],"['animal', 'animate_being', 'beast', 'brute', 'creature', 'fauna']","['organism', 'being']","['living_thing', 'animate_thing']","['whole', 'unit']","['object', 'physical_object']",['physical_entity'],['entity'],,
n02124075,Egyptian cat,"['domestic_cat', 'house_cat', 'Felis_domesticus', 'Felis_catus']","['cat', 'true_cat']","['feline', 'felid']",['carnivore'],"['placental', 'placental_mammal', 'eutherian', 'eutherian_mammal']","['mammal', 'mammalian']","['vertebrate', 'craniate']",['chordate'],"['animal', 'animate_being', 'beast', 'brute', 'creature', 'fauna']","['organism', 'being']","['living_thing', 'animate_thing']","['whole', 'unit']","['object', 'physical_object']",['physical_entity'],['entity'],,
n02125311,"cougar, puma, catamount, mountain lion, painter, panther, Felis concolor",['wildcat'],"['cat', 'true_cat']","['feline', 'felid']",['carnivore'],"['placental', 'placental_mammal', 'eutherian', 'eutherian_mammal']","['mammal', 'mammalian']","['vertebrate', 'craniate']",['chordate'],"['animal', 'animate_being', 'beast', 'brute', 'creature', 'fauna']","['organism', 'being']","['living_thing', 'animate_thing']","['whole', 'unit']","['object', 'physical_object']",['physical_entity'],['entity'],,
n02129165,"lion, king of beasts, Panthera leo","['big_cat', 'cat']","['feline', 'felid']",['carnivore'],"['placental', 'placental_mammal', 'eutherian', 'eutherian_mammal']","['mammal', 'mammalian']","['vertebrate', 'craniate']",['chordate'],"['animal', 'animate_being', 'beast', 'brute', 'creature', 'fauna']","['organism', 'being']","['living_thing', 'animate_thing']","['whole', 'unit']","['object', 'physical_object']",['physical_entity'],['entity'],,,
n02132136,"brown bear, bruin, Ursus arctos",['bear'],['carnivore'],"['placental', 'placental_mammal', 'eutherian', 'eutherian_mammal']","['mammal', 'mammalian']","['vertebrate', 'craniate']",['chordate'],"['animal', 'animate_being', 'beast', 'brute', 'creature', 'fauna']","['organism', 'being']","['living_thing', 'animate_thing']","['whole', 'unit']","['object', 'physical_object']",['physical_entity'],['entity'],,,,
n02165456,"ladybug, ladybeetle, lady beetle, ladybird, ladybird beetle",['beetle'],['insect'],['arthropod'],['invertebrate'],"['animal', 'animate_being', 'beast', 'brute', 'creature', 'fauna']","['organism', 'being']","['living_thing', 'animate_thing']","['whole', 'unit']","['object', 'physical_object']",['physical_entity'],['entity'],,,,,,
n02190166,fly,"['dipterous_insect', 'two-winged_insects', 'dipteran', 'dipteron']",['insect'],['arthropod'],['invertebrate'],"['animal', 'animate_being', 'beast', 'brute', 'creature', 'fauna']","['organism', 'being']","['living_thing', 'animate_thing']","['whole', 'unit']","['object', 'physical_object']",['physical_entity'],['entity'],,,,,,
n02206856,bee,"['hymenopterous_insect', 'hymenopteran', 'hymenopteron', 'hymenopter']",['insect'],['arthropod'],['invertebrate'],"['animal', 'animate_being', 'beast', 'brute', 'creature', 'fauna']","['organism', 'being']","['living_thing', 'animate_thing']","['whole', 'unit']","['object', 'physical_object']",['physical_entity'],['entity'],,,,,,
n02226429,"grasshopper, hopper","['orthopterous_insect', 'orthopteron', 'orthopteran']",['insect'],['arthropod'],['invertebrate'],"['animal', 'animate_being', 'beast', 'brute', 'creature', 'fauna']","['organism', 'being']","['living_thing', 'animate_thing']","['whole', 'unit']","['object', 'physical_object']",['physical_entity'],['entity'],,,,,,
n02231487,"walking stick, walkingstick, stick insect","['phasmid', 'phasmid_insect']",['insect'],['arthropod'],['invertebrate'],"['animal', 'animate_being', 'beast', 'brute', 'creature', 'fauna']","['organism', 'being']","['living_thing', 'animate_thing']","['whole', 'unit']","['object', 'physical_object']",['physical_entity'],['entity'],,,,,,
n02233338,"cockroach, roach",['dictyopterous_insect'],['insect'],['arthropod'],['invertebrate'],"['animal', 'animate_being', 'beast', 'brute', 'creature', 'fauna']","['organism', 'being']","['living_thing', 'animate_thing']","['whole', 'unit']","['object', 'physical_object']",['physical_entity'],['entity'],,,,,,
n02236044,"mantis, mantid",['dictyopterous_insect'],['insect'],['arthropod'],['invertebrate'],"['animal', 'animate_being', 'beast', 'brute', 'creature', 'fauna']","['organism', 'being']","['living_thing', 'animate_thing']","['whole', 'unit']","['object', 'physical_object']",['physical_entity'],['entity'],,,,,,
n02268443,"dragonfly, darning needle, devil's darning needle, sewing needle, snake feeder, snake doctor, mosquito hawk, skeeter hawk",['odonate'],['insect'],['arthropod'],['invertebrate'],"['animal', 'animate_being', 'beast', 'brute', 'creature', 'fauna']","['organism', 'being']","['living_thing', 'animate_thing']","['whole', 'unit']","['object', 'physical_object']",['physical_entity'],['entity'],,,,,,
n02279972,"monarch, monarch butterfly, milkweed butterfly, Danaus plexippus","['danaid', 'danaid_butterfly']",['butterfly'],"['lepidopterous_insect', 'lepidopteron', 'lepidopteran']",['insect'],['arthropod'],['invertebrate'],"['animal', 'animate_being', 'beast', 'brute', 'creature', 'fauna']","['organism', 'being']","['living_thing', 'animate_thing']","['whole', 'unit']","['object', 'physical_object']",['physical_entity'],['entity'],,,,
n02281406,"sulphur butterfly, sulfur butterfly",['butterfly'],"['lepidopterous_insect', 'lepidopteron', 'lepidopteran']",['insect'],['arthropod'],['invertebrate'],"['animal', 'animate_being', 'beast', 'brute', 'creature', 'fauna']","['organism', 'being']","['living_thing', 'animate_thing']","['whole', 'unit']","['object', 'physical_object']",['physical_entity'],['entity'],,,,,
n02321529,"sea cucumber, holothurian",['echinoderm'],['invertebrate'],"['animal', 'animate_being', 'beast', 'brute', 'creature', 'fauna']","['organism', 'being']","['living_thing', 'animate_thing']","['whole', 'unit']","['object', 'physical_object']",['physical_entity'],['entity'],,,,,,,,
n02364673,"guinea pig, Cavia cobaya",['cavy'],"['rodent', 'gnawer']","['placental', 'placental_mammal', 'eutherian', 'eutherian_mammal']","['mammal', 'mammalian']","['vertebrate', 'craniate']",['chordate'],"['animal', 'animate_being', 'beast', 'brute', 'creature', 'fauna']","['organism', 'being']","['living_thing', 'animate_thing']","['whole', 'unit']","['object', 'physical_object']",['physical_entity'],['entity'],,,,
n02395406,"hog, pig, grunter, squealer, Sus scrofa",['swine'],"['even-toed_ungulate', 'artiodactyl', 'artiodactyl_mammal']","['ungulate', 'hoofed_mammal']","['placental', 'placental_mammal', 'eutherian', 'eutherian_mammal']","['mammal', 'mammalian']","['vertebrate', 'craniate']",['chordate'],"['animal', 'animate_being', 'beast', 'brute', 'creature', 'fauna']","['organism', 'being']","['living_thing', 'animate_thing']","['whole', 'unit']","['object', 'physical_object']",['physical_entity'],['entity'],,,
n02403003,ox,"['cattle', 'cows', 'kine', 'oxen', 'Bos_taurus']",['bovine'],['bovid'],['ruminant'],"['even-toed_ungulate', 'artiodactyl', 'artiodactyl_mammal']","['ungulate', 'hoofed_mammal']","['placental', 'placental_mammal', 'eutherian', 'eutherian_mammal']","['mammal', 'mammalian']","['vertebrate', 'craniate']",['chordate'],"['animal', 'animate_being', 'beast', 'brute', 'creature', 'fauna']","['organism', 'being']","['living_thing', 'animate_thing']","['whole', 'unit']","['object', 'physical_object']",['physical_entity'],['entity']
n02410509,bison,['bovid'],['ruminant'],"['even-toed_ungulate', 'artiodactyl', 'artiodactyl_mammal']","['ungulate', 'hoofed_mammal']","['placental', 'placental_mammal', 'eutherian', 'eutherian_mammal']","['mammal', 'mammalian']","['vertebrate', 'craniate']",['chordate'],"['animal', 'animate_being', 'beast', 'brute', 'creature', 'fauna']","['organism', 'being']","['living_thing', 'animate_thing']","['whole', 'unit']","['object', 'physical_object']",['physical_entity'],['entity'],,
n02415577,"bighorn, bighorn sheep, cimarron, Rocky Mountain bighorn, Rocky Mountain sheep, Ovis canadensis",['mountain_sheep'],['wild_sheep'],['bovid'],['ruminant'],"['even-toed_ungulate', 'artiodactyl', 'artiodactyl_mammal']","['ungulate', 'hoofed_mammal']","['placental', 'placental_mammal', 'eutherian', 'eutherian_mammal']","['mammal', 'mammalian']","['vertebrate', 'craniate']",['chordate'],"['animal', 'animate_being', 'beast', 'brute', 'creature', 'fauna']","['organism', 'being']","['living_thing', 'animate_thing']","['whole', 'unit']","['object', 'physical_object']",['physical_entity'],['entity']
n02423022,gazelle,['antelope'],['bovid'],['ruminant'],"['even-toed_ungulate', 'artiodactyl', 'artiodactyl_mammal']","['ungulate', 'hoofed_mammal']","['placental', 'placental_mammal', 'eutherian', 'eutherian_mammal']","['mammal', 'mammalian']","['vertebrate', 'craniate']",['chordate'],"['animal', 'animate_being', 'beast', 'brute', 'creature', 'fauna']","['organism', 'being']","['living_thing', 'animate_thing']","['whole', 'unit']","['object', 'physical_object']",['physical_entity'],['entity'],
n02437312,"Arabian camel, dromedary, Camelus dromedarius",['camel'],"['even-toed_ungulate', 'artiodactyl', 'artiodactyl_mammal']","['ungulate', 'hoofed_mammal']","['placental', 'placental_mammal', 'eutherian', 'eutherian_mammal']","['mammal', 'mammalian']","['vertebrate', 'craniate']",['chordate'],"['animal', 'animate_being', 'beast', 'brute', 'creature', 'fauna']","['organism', 'being']","['living_thing', 'animate_thing']","['whole', 'unit']","['object', 'physical_object']",['physical_entity'],['entity'],,,
n02480495,"orangutan, orang, orangutang, Pongo pygmaeus","['great_ape', 'pongid']",['anthropoid_ape'],['ape'],['primate'],"['placental', 'placental_mammal', 'eutherian', 'eutherian_mammal']","['mammal', 'mammalian']","['vertebrate', 'craniate']",['chordate'],"['animal', 'animate_being', 'beast', 'brute', 'creature', 'fauna']","['organism', 'being']","['living_thing', 'animate_thing']","['whole', 'unit']","['object', 'physical_object']",['physical_entity'],['entity'],,
n02481823,"chimpanzee, chimp, Pan troglodytes","['great_ape', 'pongid']",['anthropoid_ape'],['ape'],['primate'],"['placental', 'placental_mammal', 'eutherian', 'eutherian_mammal']","['mammal', 'mammalian']","['vertebrate', 'craniate']",['chordate'],"['animal', 'animate_being', 'beast', 'brute', 'creature', 'fauna']","['organism', 'being']","['living_thing', 'animate_thing']","['whole', 'unit']","['object', 'physical_object']",['physical_entity'],['entity'],,
n02486410,baboon,"['Old_World_monkey', 'catarrhine']",['monkey'],['primate'],"['placental', 'placental_mammal', 'eutherian', 'eutherian_mammal']","['mammal', 'mammalian']","['vertebrate', 'craniate']",['chordate'],"['animal', 'animate_being', 'beast', 'brute', 'creature', 'fauna']","['organism', 'being']","['living_thing', 'animate_thing']","['whole', 'unit']","['object', 'physical_object']",['physical_entity'],['entity'],,,
n02504458,"African elephant, Loxodonta africana",['elephant'],['pachyderm'],"['placental', 'placental_mammal', 'eutherian', 'eutherian_mammal']","['mammal', 'mammalian']","['vertebrate', 'craniate']",['chordate'],"['animal', 'animate_being', 'beast', 'brute', 'creature', 'fauna']","['organism', 'being']","['living_thing', 'animate_thing']","['whole', 'unit']","['object', 'physical_object']",['physical_entity'],['entity'],,,,
n02509815,"lesser panda, red panda, panda, bear cat, cat bear, Ailurus fulgens",['procyonid'],['carnivore'],"['placental', 'placental_mammal', 'eutherian', 'eutherian_mammal']","['mammal', 'mammalian']","['vertebrate', 'craniate']",['chordate'],"['animal', 'animate_being', 'beast', 'brute', 'creature', 'fauna']","['organism', 'being']","['living_thing', 'animate_thing']","['whole', 'unit']","['object', 'physical_object']",['physical_entity'],['entity'],,,,
n02666196,abacus,"['calculator', 'calculating_machine']",['machine'],['device'],"['instrumentality', 'instrumentation']","['artifact', 'artefact']","['whole', 'unit']","['object', 'physical_object']",['physical_entity'],['entity'],,,,,,,,
n02669723,"academic gown, academic robe, judge's robe","['gown', 'robe']","['outerwear', 'overclothes']","['clothing', 'article_of_clothing', 'vesture', 'wear', 'wearable', 'habiliment']",['consumer_goods'],"['commodity', 'trade_good', 'good']","['artifact', 'artefact']","['whole', 'unit']","['object', 'physical_object']",['physical_entity'],['entity'],,,,,,,
n02699494,altar,"['structure', 'construction']","['artifact', 'artefact']","['whole', 'unit']","['object', 'physical_object']",['physical_entity'],['entity'],,,,,,,,,,,
n02730930,apron,['protective_garment'],"['clothing', 'article_of_clothing', 'vesture', 'wear', 'wearable', 'habiliment']",['consumer_goods'],"['commodity', 'trade_good', 'good']","['artifact', 'artefact']","['whole', 'unit']","['object', 'physical_object']",['physical_entity'],['entity'],,,,,,,,
n02769748,"backpack, back pack, knapsack, packsack, rucksack, haversack",['bag'],['container'],"['instrumentality', 'instrumentation']","['artifact', 'artefact']","['whole', 'unit']","['object', 'physical_object']",['physical_entity'],['entity'],,,,,,,,,
n02788148,"bannister, banister, balustrade, balusters, handrail",['barrier'],"['obstruction', 'obstructor', 'obstructer', 'impediment', 'impedimenta']","['structure', 'construction']","['artifact', 'artefact']","['whole', 'unit']","['object', 'physical_object']",['physical_entity'],['entity'],,,,,,,,,
n02791270,barbershop,"['shop', 'store']","['mercantile_establishment', 'retail_store', 'sales_outlet', 'outlet']","['place_of_business', 'business_establishment']",['establishment'],"['structure', 'construction']","['artifact', 'artefact']","['whole', 'unit']","['object', 'physical_object']",['physical_entity'],['entity'],,,,,,,
n02793495,barn,['farm_building'],"['building', 'edifice']","['structure', 'construction']","['artifact', 'artefact']","['whole', 'unit']","['object', 'physical_object']",['physical_entity'],['entity'],,,,,,,,,
n02795169,"barrel, cask",['vessel'],['container'],"['instrumentality', 'instrumentation']","['artifact', 'artefact']","['whole', 'unit']","['object', 'physical_object']",['physical_entity'],['entity'],,,,,,,,,
n02802426,basketball,['ball'],['game_equipment'],['equipment'],"['instrumentality', 'instrumentation']","['artifact', 'artefact']","['whole', 'unit']","['object', 'physical_object']",['physical_entity'],['entity'],,,,,,,,
n02808440,"bathtub, bathing tub, bath, tub",['vessel'],['container'],"['instrumentality', 'instrumentation']","['artifact', 'artefact']","['whole', 'unit']","['object', 'physical_object']",['physical_entity'],['entity'],,,,,,,,,
n02814533,"beach wagon, station wagon, wagon, estate car, beach waggon, station waggon, waggon","['car', 'auto', 'automobile', 'machine', 'motorcar']","['motor_vehicle', 'automotive_vehicle']",['self-propelled_vehicle'],['wheeled_vehicle'],['container'],"['instrumentality', 'instrumentation']","['artifact', 'artefact']","['whole', 'unit']","['object', 'physical_object']",['physical_entity'],['entity'],,,,,,
n02814860,"beacon, lighthouse, beacon light, pharos",['tower'],"['structure', 'construction']","['artifact', 'artefact']","['whole', 'unit']","['object', 'physical_object']",['physical_entity'],['entity'],,,,,,,,,,
n02815834,beaker,['jar'],['vessel'],['container'],"['instrumentality', 'instrumentation']","['artifact', 'artefact']","['whole', 'unit']","['object', 'physical_object']",['physical_entity'],['entity'],,,,,,,,
n02823428,beer bottle,['bottle'],['vessel'],['container'],"['instrumentality', 'instrumentation']","['artifact', 'artefact']","['whole', 'unit']","['object', 'physical_object']",['physical_entity'],['entity'],,,,,,,,
n02837789,"bikini, two-piece","['swimsuit', 'swimwear', 'bathing_suit', 'swimming_costume', 'bathing_costume']",['garment'],"['clothing', 'article_of_clothing', 'vesture', 'wear', 'wearable', 'habiliment']",['consumer_goods'],"['commodity', 'trade_good', 'good']","['artifact', 'artefact']","['whole', 'unit']","['object', 'physical_object']",['physical_entity'],['entity'],,,,,,,
n02841315,"binoculars, field glasses, opera glasses",['optical_instrument'],['instrument'],['device'],"['instrumentality', 'instrumentation']","['artifact', 'artefact']","['whole', 'unit']","['object', 'physical_object']",['physical_entity'],['entity'],,,,,,,,
n02843684,birdhouse,['shelter'],"['protective_covering', 'protective_cover', 'protection']",['covering'],"['artifact', 'artefact']","['whole', 'unit']","['object', 'physical_object']",['physical_entity'],['entity'],,,,,,,,,
n02883205,"bow tie, bow-tie, bowtie","['necktie', 'tie']",['neckwear'],['garment'],"['clothing', 'article_of_clothing', 'vesture', 'wear', 'wearable', 'habiliment']",['consumer_goods'],"['commodity', 'trade_good', 'good']","['artifact', 'artefact']","['whole', 'unit']","['object', 'physical_object']",['physical_entity'],['entity'],,,,,,
n02892201,"brass, memorial tablet, plaque","['memorial', 'monument']","['structure', 'construction']","['artifact', 'artefact']","['whole', 'unit']","['object', 'physical_object']",['physical_entity'],['entity'],,,,,,,,,,
n02906734,broom,"['cleaning_implement', 'cleaning_device', 'cleaning_equipment']",['implement'],"['instrumentality', 'instrumentation']","['artifact', 'artefact']","['whole', 'unit']","['object', 'physical_object']",['physical_entity'],['entity'],,,,,,,,,
n02909870,"bucket, pail",['vessel'],['container'],"['instrumentality', 'instrumentation']","['artifact', 'artefact']","['whole', 'unit']","['object', 'physical_object']",['physical_entity'],['entity'],,,,,,,,,
n02917067,"bullet train, bullet",['passenger_train'],"['train', 'railroad_train']",['public_transport'],"['conveyance', 'transport']","['instrumentality', 'instrumentation']","['artifact', 'artefact']","['whole', 'unit']","['object', 'physical_object']",['physical_entity'],['entity'],,,,,,,
n02927161,"butcher shop, meat market","['shop', 'store']","['mercantile_establishment', 'retail_store', 'sales_outlet', 'outlet']","['place_of_business', 'business_establishment']",['establishment'],"['structure', 'construction']","['artifact', 'artefact']","['whole', 'unit']","['object', 'physical_object']",['physical_entity'],['entity'],,,,,,,
n02948072,"candle, taper, wax light",['lamp'],['source_of_illumination'],['device'],"['instrumentality', 'instrumentation']","['artifact', 'artefact']","['whole', 'unit']","['object', 'physical_object']",['physical_entity'],['entity'],,,,,,,,
n02950826,cannon,['gun'],"['weapon', 'arm', 'weapon_system']",['instrument'],['device'],"['instrumentality', 'instrumentation']","['artifact', 'artefact']","['whole', 'unit']","['object', 'physical_object']",['physical_entity'],['entity'],,,,,,,
n02963159,cardigan,"['sweater', 'jumper']",['garment'],"['clothing', 'article_of_clothing', 'vesture', 'wear', 'wearable', 'habiliment']",['consumer_goods'],"['commodity', 'trade_good', 'good']","['artifact', 'artefact']","['whole', 'unit']","['object', 'physical_object']",['physical_entity'],['entity'],,,,,,,
n02977058,"cash machine, cash dispenser, automated teller machine, automatic teller machine, automated teller, automatic teller, ATM",['machine'],['device'],"['instrumentality', 'instrumentation']","['artifact', 'artefact']","['whole', 'unit']","['object', 'physical_object']",['physical_entity'],['entity'],,,,,,,,,
n02988304,CD player,['electronic_equipment'],['equipment'],"['instrumentality', 'instrumentation']","['artifact', 'artefact']","['whole', 'unit']","['object', 'physical_object']",['physical_entity'],['entity'],,,,,,,,,
n02999410,chain,['ligament'],"['attachment', 'bond']","['connection', 'connexion', 'connector', 'connecter', 'connective']","['instrumentality', 'instrumentation']","['artifact', 'artefact']","['whole', 'unit']","['object', 'physical_object']",['physical_entity'],['entity'],,,,,,,,
n03014705,chest,['box'],['container'],"['instrumentality', 'instrumentation']","['artifact', 'artefact']","['whole', 'unit']","['object', 'physical_object']",['physical_entity'],['entity'],,,,,,,,,
n03026506,Christmas stocking,['stocking'],"['hosiery', 'hose']",['footwear'],"['clothing', 'article_of_clothing', 'vesture', 'wear', 'wearable', 'habiliment']",['consumer_goods'],"['commodity', 'trade_good', 'good']","['artifact', 'artefact']","['whole', 'unit']","['object', 'physical_object']",['physical_entity'],['entity'],,,,,,
n03042490,cliff dwelling,"['dwelling', 'home', 'domicile', 'abode', 'habitation', 'dwelling_house']","['housing', 'lodging', 'living_accommodations']","['structure', 'construction']","['artifact', 'artefact']","['whole', 'unit']","['object', 'physical_object']",['physical_entity'],['entity'],,,,,,,,,
n03085013,"computer keyboard, keypad","['data_input_device', 'input_device']","['peripheral', 'computer_peripheral', 'peripheral_device']",['electronic_equipment'],['equipment'],"['instrumentality', 'instrumentation']","['artifact', 'artefact']","['whole', 'unit']","['object', 'physical_object']",['physical_entity'],['entity'],,,,,,,
n03089624,"confectionery, confectionary, candy store","['shop', 'store']","['mercantile_establishment', 'retail_store', 'sales_outlet', 'outlet']","['place_of_business', 'business_establishment']",['establishment'],"['structure', 'construction']","['artifact', 'artefact']","['whole', 'unit']","['object', 'physical_object']",['physical_entity'],['entity'],,,,,,,
n03100240,convertible,"['car', 'auto', 'automobile', 'machine', 'motorcar']","['motor_vehicle', 'automotive_vehicle']",['self-propelled_vehicle'],['wheeled_vehicle'],['container'],"['instrumentality', 'instrumentation']","['artifact', 'artefact']","['whole', 'unit']","['object', 'physical_object']",['physical_entity'],['entity'],,,,,,
n03126707,crane,['lifting_device'],['device'],"['instrumentality', 'instrumentation']","['artifact', 'artefact']","['whole', 'unit']","['object', 'physical_object']",['physical_entity'],['entity'],,,,,,,,,
n03160309,"dam, dike, dyke",['barrier'],"['obstruction', 'obstructor', 'obstructer', 'impediment', 'impedimenta']","['structure', 'construction']","['artifact', 'artefact']","['whole', 'unit']","['object', 'physical_object']",['physical_entity'],['entity'],,,,,,,,,
n03179701,desk,['table'],"['furniture', 'piece_of_furniture', 'article_of_furniture']",['furnishing'],"['instrumentality', 'instrumentation']","['artifact', 'artefact']","['whole', 'unit']","['object', 'physical_object']",['physical_entity'],['entity'],,,,,,,,
n03201208,"dining table, board",['table'],"['furniture', 'piece_of_furniture', 'article_of_furniture']",['furnishing'],"['instrumentality', 'instrumentation']","['artifact', 'artefact']","['whole', 'unit']","['object', 'physical_object']",['physical_entity'],['entity'],,,,,,,,
n03250847,drumstick,['stick'],['implement'],"['instrumentality', 'instrumentation']","['artifact', 'artefact']","['whole', 'unit']","['object', 'physical_object']",['physical_entity'],['entity'],,,,,,,,,
n03255030,dumbbell,"['weight', 'free_weight', 'exercising_weight']",['sports_equipment'],['equipment'],"['instrumentality', 'instrumentation']","['artifact', 'artefact']","['whole', 'unit']","['object', 'physical_object']",['physical_entity'],['entity'],,,,,,,,
n03355925,"flagpole, flagstaff",['staff'],['stick'],['implement'],"['instrumentality', 'instrumentation']","['artifact', 'artefact']","['whole', 'unit']","['object', 'physical_object']",['physical_entity'],['entity'],,,,,,,,
n03388043,fountain,"['structure', 'construction']","['artifact', 'artefact']","['whole', 'unit']","['object', 'physical_object']",['physical_entity'],['entity'],,,,,,,,,,,
n03393912,freight car,"['car', 'railcar', 'railway_car', 'railroad_car']",['wheeled_vehicle'],['container'],"['instrumentality', 'instrumentation']","['artifact', 'artefact']","['whole', 'unit']","['object', 'physical_object']",['physical_entity'],['entity'],,,,,,,,
n03400231,"frying pan, frypan, skillet","['pan', 'cooking_pan']","['cooking_utensil', 'cookware']",['kitchen_utensil'],['utensil'],['implement'],"['instrumentality', 'instrumentation']","['artifact', 'artefact']","['whole', 'unit']","['object', 'physical_object']",['physical_entity'],['entity'],,,,,,
n03404251,fur coat,['coat'],"['overgarment', 'outer_garment']",['garment'],"['clothing', 'article_of_clothing', 'vesture', 'wear', 'wearable', 'habiliment']",['consumer_goods'],"['commodity', 'trade_good', 'good']","['artifact', 'artefact']","['whole', 'unit']","['object', 'physical_object']",['physical_entity'],['entity'],,,,,,
n03424325,"gasmask, respirator, gas helmet",['mask'],"['protective_covering', 'protective_cover', 'protection']",['covering'],"['artifact', 'artefact']","['whole', 'unit']","['object', 'physical_object']",['physical_entity'],['entity'],,,,,,,,,
n03444034,go-kart,"['motor_vehicle', 'automotive_vehicle']",['self-propelled_vehicle'],['wheeled_vehicle'],['container'],"['instrumentality', 'instrumentation']","['artifact', 'artefact']","['whole', 'unit']","['object', 'physical_object']",['physical_entity'],['entity'],,,,,,,
n03447447,gondola,['boat'],"['vessel', 'watercraft']",['craft'],['vehicle'],"['conveyance', 'transport']","['instrumentality', 'instrumentation']","['artifact', 'artefact']","['whole', 'unit']","['object', 'physical_object']",['physical_entity'],['entity'],,,,,,
n03544143,hourglass,['sandglass'],"['timepiece', 'timekeeper', 'horologe']","['measuring_instrument', 'measuring_system', 'measuring_device']",['instrument'],['device'],"['instrumentality', 'instrumentation']","['artifact', 'artefact']","['whole', 'unit']","['object', 'physical_object']",['physical_entity'],['entity'],,,,,,
n03584254,iPod,"['stereo', 'stereophony', 'stereo_system', 'stereophonic_system']",['reproducer'],"['audio_system', 'sound_system']",['electronic_equipment'],['equipment'],"['instrumentality', 'instrumentation']","['artifact', 'artefact']","['whole', 'unit']","['object', 'physical_object']",['physical_entity'],['entity'],,,,,,
n03599486,"jinrikisha, ricksha, rickshaw",['cart'],"['wagon', 'waggon']",['wheeled_vehicle'],['container'],"['instrumentality', 'instrumentation']","['artifact', 'artefact']","['whole', 'unit']","['object', 'physical_object']",['physical_entity'],['entity'],,,,,,,
n03617480,kimono,['robe'],['garment'],"['clothing', 'article_of_clothing', 'vesture', 'wear', 'wearable', 'habiliment']",['consumer_goods'],"['commodity', 'trade_good', 'good']","['artifact', 'artefact']","['whole', 'unit']","['object', 'physical_object']",['physical_entity'],['entity'],,,,,,,
n03637318,"lampshade, lamp shade",['shade'],"['protective_covering', 'protective_cover', 'protection']",['covering'],"['artifact', 'artefact']","['whole', 'unit']","['object', 'physical_object']",['physical_entity'],['entity'],,,,,,,,,
n03649909,"lawn mower, mower","['garden_tool', 'lawn_tool']",['tool'],['implement'],"['instrumentality', 'instrumentation']","['artifact', 'artefact']","['whole', 'unit']","['object', 'physical_object']",['physical_entity'],['entity'],,,,,,,,
n03662601,lifeboat,['sea_boat'],['boat'],"['vessel', 'watercraft']",['craft'],['vehicle'],"['conveyance', 'transport']","['instrumentality', 'instrumentation']","['artifact', 'artefact']","['whole', 'unit']","['object', 'physical_object']",['physical_entity'],['entity'],,,,,
n03670208,"limousine, limo","['car', 'auto', 'automobile', 'machine', 'motorcar']","['motor_vehicle', 'automotive_vehicle']",['self-propelled_vehicle'],['wheeled_vehicle'],['container'],"['instrumentality', 'instrumentation']","['artifact', 'artefact']","['whole', 'unit']","['object', 'physical_object']",['physical_entity'],['entity'],,,,,,
n03706229,magnetic compass,['compass'],['navigational_instrument'],['instrument'],['device'],"['instrumentality', 'instrumentation']","['artifact', 'artefact']","['whole', 'unit']","['object', 'physical_object']",['physical_entity'],['entity'],,,,,,,
n03733131,maypole,['post'],"['upright', 'vertical']",['structural_member'],['support'],['device'],"['instrumentality', 'instrumentation']","['artifact', 'artefact']","['whole', 'unit']","['object', 'physical_object']",['physical_entity'],['entity'],,,,,,
n03763968,military uniform,['uniform'],"['clothing', 'article_of_clothing', 'vesture', 'wear', 'wearable', 'habiliment']",['consumer_goods'],"['commodity', 'trade_good', 'good']","['artifact', 'artefact']","['whole', 'unit']","['object', 'physical_object']",['physical_entity'],['entity'],,,,,,,,
n03770439,"miniskirt, mini",['skirt'],['garment'],"['clothing', 'article_of_clothing', 'vesture', 'wear', 'wearable', 'habiliment']",['consumer_goods'],"['commodity', 'trade_good', 'good']","['artifact', 'artefact']","['whole', 'unit']","['object', 'physical_object']",['physical_entity'],['entity'],,,,,,,
n03796401,moving van,['van'],"['truck', 'motortruck']","['motor_vehicle', 'automotive_vehicle']",['self-propelled_vehicle'],['wheeled_vehicle'],['container'],"['instrumentality', 'instrumentation']","['artifact', 'artefact']","['whole', 'unit']","['object', 'physical_object']",['physical_entity'],['entity'],,,,,
n03804744,nail,"['fastener', 'fastening', 'holdfast', 'fixing']","['restraint', 'constraint']",['device'],"['instrumentality', 'instrumentation']","['artifact', 'artefact']","['whole', 'unit']","['object', 'physical_object']",['physical_entity'],['entity'],,,,,,,,
n03814639,neck brace,['brace'],"['strengthener', 'reinforcement']",['device'],"['instrumentality', 'instrumentation']","['artifact', 'artefact']","['whole', 'unit']","['object', 'physical_object']",['physical_entity'],['entity'],,,,,,,,
n03837869,obelisk,"['column', 'pillar']","['structure', 'construction']","['artifact', 'artefact']","['whole', 'unit']","['object', 'physical_object']",['physical_entity'],['entity'],,,,,,,,,,
n03838899,"oboe, hautboy, hautbois","['double-reed_instrument', 'double_reed']","['beating-reed_instrument', 'reed_instrument', 'reed']","['woodwind', 'woodwind_instrument', 'wood']","['wind_instrument', 'wind']","['musical_instrument', 'instrument']",['device'],"['instrumentality', 'instrumentation']","['artifact', 'artefact']","['whole', 'unit']","['object', 'physical_object']",['physical_entity'],['entity'],,,,,
n03854065,"organ, pipe organ",['keyboard_instrument'],"['musical_instrument', 'instrument']",['device'],"['instrumentality', 'instrumentation']","['artifact', 'artefact']","['whole', 'unit']","['object', 'physical_object']",['physical_entity'],['entity'],,,,,,,,
n03891332,parking meter,['timer'],"['timepiece', 'timekeeper', 'horologe']","['measuring_instrument', 'measuring_system', 'measuring_device']",['instrument'],['device'],"['instrumentality', 'instrumentation']","['artifact', 'artefact']","['whole', 'unit']","['object', 'physical_object']",['physical_entity'],['entity'],,,,,,
n03902125,"pay-phone, pay-station","['telephone', 'phone', 'telephone_set']",['electronic_equipment'],['equipment'],"['instrumentality', 'instrumentation']","['artifact', 'artefact']","['whole', 'unit']","['object', 'physical_object']",['physical_entity'],['entity'],,,,,,,,
n03930313,"picket fence, paling","['fence', 'fencing']",['barrier'],"['obstruction', 'obstructor', 'obstructer', 'impediment', 'impedimenta']","['structure', 'construction']","['artifact', 'artefact']","['whole', 'unit']","['object', 'physical_object']",['physical_entity'],['entity'],,,,,,,,
n03937543,pill bottle,['bottle'],['vessel'],['container'],"['instrumentality', 'instrumentation']","['artifact', 'artefact']","['whole', 'unit']","['object', 'physical_object']",['physical_entity'],['entity'],,,,,,,,
n03970156,"plunger, plumber's helper",['hand_tool'],['tool'],['implement'],"['instrumentality', 'instrumentation']","['artifact', 'artefact']","['whole', 'unit']","['object', 'physical_object']",['physical_entity'],['entity'],,,,,,,,
n03976657,pole,['rod'],['implement'],"['instrumentality', 'instrumentation']","['artifact', 'artefact']","['whole', 'unit']","['object', 'physical_object']",['physical_entity'],['entity'],,,,,,,,,
n03977966,"police van, police wagon, paddy wagon, patrol wagon, wagon, black Maria",['van'],"['truck', 'motortruck']","['motor_vehicle', 'automotive_vehicle']",['self-propelled_vehicle'],['wheeled_vehicle'],['container'],"['instrumentality', 'instrumentation']","['artifact', 'artefact']","['whole', 'unit']","['object', 'physical_object']",['physical_entity'],['entity'],,,,,
n03980874,poncho,['cloak'],"['overgarment', 'outer_garment']",['garment'],"['clothing', 'article_of_clothing', 'vesture', 'wear', 'wearable', 'habiliment']",['consumer_goods'],"['commodity', 'trade_good', 'good']","['artifact', 'artefact']","['whole', 'unit']","['object', 'physical_object']",['physical_entity'],['entity'],,,,,,
n03983396,"pop bottle, soda bottle",['bottle'],['vessel'],['container'],"['instrumentality', 'instrumentation']","['artifact', 'artefact']","['whole', 'unit']","['object', 'physical_object']",['physical_entity'],['entity'],,,,,,,,
n03992509,potter's wheel,['wheel'],"['machine', 'simple_machine']",['mechanical_device'],['mechanism'],['device'],"['instrumentality', 'instrumentation']","['artifact', 'artefact']","['whole', 'unit']","['object', 'physical_object']",['physical_entity'],['entity'],,,,,,
n04008634,"projectile, missile","['weapon', 'arm', 'weapon_system']",['instrument'],['device'],"['instrumentality', 'instrumentation']","['artifact', 'artefact']","['whole', 'unit']","['object', 'physical_object']",['physical_entity'],['entity'],,,,,,,,
n04023962,"punching bag, punch bag, punching ball, punchball",['ball'],['game_equipment'],['equipment'],"['instrumentality', 'instrumentation']","['artifact', 'artefact']","['whole', 'unit']","['object', 'physical_object']",['physical_entity'],['entity'],,,,,,,,
n04067472,reel,['winder'],['mechanical_device'],['mechanism'],['device'],"['instrumentality', 'instrumentation']","['artifact', 'artefact']","['whole', 'unit']","['object', 'physical_object']",['physical_entity'],['entity'],,,,,,,
n04070727,"refrigerator, icebox",['white_goods'],"['home_appliance', 'household_appliance']",['appliance'],"['durables', 'durable_goods', 'consumer_durables']",['consumer_goods'],"['commodity', 'trade_good', 'good']","['artifact', 'artefact']","['whole', 'unit']","['object', 'physical_object']",['physical_entity'],['entity'],,,,,,
n04074963,"remote control, remote",['device'],"['instrumentality', 'instrumentation']","['artifact', 'artefact']","['whole', 'unit']","['object', 'physical_object']",['physical_entity'],['entity'],,,,,,,,,,
n04099969,"rocking chair, rocker",['chair'],['seat'],"['furniture', 'piece_of_furniture', 'article_of_furniture']",['furnishing'],"['instrumentality', 'instrumentation']","['artifact', 'artefact']","['whole', 'unit']","['object', 'physical_object']",['physical_entity'],['entity'],,,,,,,
n04118538,rugby ball,['ball'],['game_equipment'],['equipment'],"['instrumentality', 'instrumentation']","['artifact', 'artefact']","['whole', 'unit']","['object', 'physical_object']",['physical_entity'],['entity'],,,,,,,,
n04133789,sandal,['shoe'],"['footwear', 'footgear']",['covering'],"['artifact', 'artefact']","['whole', 'unit']","['object', 'physical_object']",['physical_entity'],['entity'],,,,,,,,,
n04146614,school bus,"['bus', 'autobus', 'coach', 'charabanc', 'double-decker', 'jitney', 'motorbus', 'motorcoach', 'omnibus', 'passenger_vehicle']",['public_transport'],"['conveyance', 'transport']","['instrumentality', 'instrumentation']","['artifact', 'artefact']","['whole', 'unit']","['object', 'physical_object']",['physical_entity'],['entity'],,,,,,,,
n04149813,scoreboard,['board'],"['sheet', 'flat_solid']","['artifact', 'artefact']","['whole', 'unit']","['object', 'physical_object']",['physical_entity'],['entity'],,,,,,,,,,
n04179913,sewing machine,"['home_appliance', 'household_appliance']",['appliance'],"['durables', 'durable_goods', 'consumer_durables']",['consumer_goods'],"['commodity', 'trade_good', 'good']","['artifact', 'artefact']","['whole', 'unit']","['object', 'physical_object']",['physical_entity'],['entity'],,,,,,,
n04251144,snorkel,"['breathing_device', 'breathing_apparatus', 'breathing_machine', 'ventilator']",['device'],"['instrumentality', 'instrumentation']","['artifact', 'artefact']","['whole', 'unit']","['object', 'physical_object']",['physical_entity'],['entity'],,,,,,,,,
n04254777,sock,"['hosiery', 'hose']",['footwear'],"['clothing', 'article_of_clothing', 'vesture', 'wear', 'wearable', 'habiliment']",['consumer_goods'],"['commodity', 'trade_good', 'good']","['artifact', 'artefact']","['whole', 'unit']","['object', 'physical_object']",['physical_entity'],['entity'],,,,,,,
n04259630,sombrero,"['hat', 'chapeau', 'lid']","['headdress', 'headgear']","['clothing', 'article_of_clothing', 'vesture', 'wear', 'wearable', 'habiliment']",['consumer_goods'],"['commodity', 'trade_good', 'good']","['artifact', 'artefact']","['whole', 'unit']","['object', 'physical_object']",['physical_entity'],['entity'],,,,,,,
n04265275,space heater,"['heater', 'warmer']",['device'],"['instrumentality', 'instrumentation']","['artifact', 'artefact']","['whole', 'unit']","['object', 'physical_object']",['physical_entity'],['entity'],,,,,,,,,
n04275548,"spider web, spider's web","['web', 'entanglement']",['trap'],['device'],"['instrumentality', 'instrumentation']","['artifact', 'artefact']","['whole', 'unit']","['object', 'physical_object']",['physical_entity'],['entity'],,,,,,,,
n04285008,"sports car, sport car","['car', 'auto', 'automobile', 'machine', 'motorcar']","['motor_vehicle', 'automotive_vehicle']",['self-propelled_vehicle'],['wheeled_vehicle'],['container'],"['instrumentality', 'instrumentation']","['artifact', 'artefact']","['whole', 'unit']","['object', 'physical_object']",['physical_entity'],['entity'],,,,,,
n04311004,steel arch bridge,"['bridge', 'span']","['structure', 'construction']","['artifact', 'artefact']","['whole', 'unit']","['object', 'physical_object']",['physical_entity'],['entity'],,,,,,,,,,
n04328186,"stopwatch, stop watch",['timer'],"['timepiece', 'timekeeper', 'horologe']","['measuring_instrument', 'measuring_system', 'measuring_device']",['instrument'],['device'],"['instrumentality', 'instrumentation']","['artifact', 'artefact']","['whole', 'unit']","['object', 'physical_object']",['physical_entity'],['entity'],,,,,,
n04356056,"sunglasses, dark glasses, shades","['spectacles', 'specs', 'eyeglasses', 'glasses']",['optical_instrument'],['instrument'],['device'],"['instrumentality', 'instrumentation']","['artifact', 'artefact']","['whole', 'unit']","['object', 'physical_object']",['physical_entity'],['entity'],,,,,,,
n04366367,suspension bridge,"['bridge', 'span']","['structure', 'construction']","['artifact', 'artefact']","['whole', 'unit']","['object', 'physical_object']",['physical_entity'],['entity'],,,,,,,,,,
n04371430,"swimming trunks, bathing trunks","['swimsuit', 'swimwear', 'bathing_suit', 'swimming_costume', 'bathing_costume']",['garment'],"['clothing', 'article_of_clothing', 'vesture', 'wear', 'wearable', 'habiliment']",['consumer_goods'],"['commodity', 'trade_good', 'good']","['artifact', 'artefact']","['whole', 'unit']","['object', 'physical_object']",['physical_entity'],['entity'],,,,,,,
n04376876,syringe,['medical_instrument'],['instrument'],['device'],"['instrumentality', 'instrumentation']","['artifact', 'artefact']","['whole', 'unit']","['object', 'physical_object']",['physical_entity'],['entity'],,,,,,,,
n04398044,teapot,['pot'],"['cooking_utensil', 'cookware']",['kitchen_utensil'],['utensil'],['implement'],"['instrumentality', 'instrumentation']","['artifact', 'artefact']","['whole', 'unit']","['object', 'physical_object']",['physical_entity'],['entity'],,,,,,
n04399382,"teddy, teddy bear","['plaything', 'toy']","['artifact', 'artefact']","['whole', 'unit']","['object', 'physical_object']",['physical_entity'],['entity'],,,,,,,,,,,
n04417672,"thatch, thatched roof",['roof'],"['protective_covering', 'protective_cover', 'protection']",['covering'],"['artifact', 'artefact']","['whole', 'unit']","['object', 'physical_object']",['physical_entity'],['entity'],,,,,,,,,
n04456115,torch,"['light', 'light_source']",['source_of_illumination'],['device'],"['instrumentality', 'instrumentation']","['artifact', 'artefact']","['whole', 'unit']","['object', 'physical_object']",['physical_entity'],['entity'],,,,,,,,
n04465501,tractor,['self-propelled_vehicle'],['wheeled_vehicle'],['container'],"['instrumentality', 'instrumentation']","['artifact', 'artefact']","['whole', 'unit']","['object', 'physical_object']",['physical_entity'],['entity'],,,,,,,,
n04486054,triumphal arch,['arch'],"['structure', 'construction']","['artifact', 'artefact']","['whole', 'unit']","['object', 'physical_object']",['physical_entity'],['entity'],,,,,,,,,,
n04487081,"trolleybus, trolley coach, trackless trolley","['bus', 'autobus', 'coach', 'charabanc', 'double-decker', 'jitney', 'motorbus', 'motorcoach', 'omnibus', 'passenger_vehicle']",['public_transport'],"['conveyance', 'transport']","['instrumentality', 'instrumentation']","['artifact', 'artefact']","['whole', 'unit']","['object', 'physical_object']",['physical_entity'],['entity'],,,,,,,,
n04501370,turnstile,['gate'],['movable_barrier'],['barrier'],"['obstruction', 'obstructor', 'obstructer', 'impediment', 'impedimenta']","['structure', 'construction']","['artifact', 'artefact']","['whole', 'unit']","['object', 'physical_object']",['physical_entity'],['entity'],,,,,,,
n04507155,umbrella,['canopy'],['shelter'],"['protective_covering', 'protective_cover', 'protection']",['covering'],"['artifact', 'artefact']","['whole', 'unit']","['object', 'physical_object']",['physical_entity'],['entity'],,,,,,,,
n04532106,vestment,"['gown', 'robe']","['outerwear', 'overclothes']","['clothing', 'article_of_clothing', 'vesture', 'wear', 'wearable', 'habiliment']",['consumer_goods'],"['commodity', 'trade_good', 'good']","['artifact', 'artefact']","['whole', 'unit']","['object', 'physical_object']",['physical_entity'],['entity'],,,,,,,
n04532670,viaduct,"['bridge', 'span']","['structure', 'construction']","['artifact', 'artefact']","['whole', 'unit']","['object', 'physical_object']",['physical_entity'],['entity'],,,,,,,,,,
n04540053,volleyball,['ball'],['game_equipment'],['equipment'],"['instrumentality', 'instrumentation']","['artifact', 'artefact']","['whole', 'unit']","['object', 'physical_object']",['physical_entity'],['entity'],,,,,,,,
n04560804,water jug,['jug'],['bottle'],['vessel'],['container'],"['instrumentality', 'instrumentation']","['artifact', 'artefact']","['whole', 'unit']","['object', 'physical_object']",['physical_entity'],['entity'],,,,,,,
n04562935,water tower,['reservoir'],"['tank', 'storage_tank']",['vessel'],['container'],"['instrumentality', 'instrumentation']","['artifact', 'artefact']","['whole', 'unit']","['object', 'physical_object']",['physical_entity'],['entity'],,,,,,,
n04596742,wok,"['pan', 'cooking_pan']","['cooking_utensil', 'cookware']",['kitchen_utensil'],['utensil'],['implement'],"['instrumentality', 'instrumentation']","['artifact', 'artefact']","['whole', 'unit']","['object', 'physical_object']",['physical_entity'],['entity'],,,,,,
n04597913,wooden spoon,['spoon'],['container'],"['instrumentality', 'instrumentation']","['artifact', 'artefact']","['whole', 'unit']","['object', 'physical_object']",['physical_entity'],['entity'],,,,,,,,,
n06596364,comic book,"['magazine', 'mag']","['press', 'public_press']",['print_media'],['medium'],"['instrumentality', 'instrumentation']","['artifact', 'artefact']","['whole', 'unit']","['object', 'physical_object']",['physical_entity'],['entity'],,,,,,,
n07579787,plate,"['entree', 'main_course']",['course'],"['nutriment', 'nourishment', 'nutrition', 'sustenance', 'aliment', 'alimentation', 'victuals']","['food', 'nutrient']",['substance'],['matter'],['physical_entity'],['entity'],,,,,,,,,
n07583066,guacamole,['dip'],['condiment'],"['flavorer', 'flavourer', 'flavoring', 'flavouring', 'seasoner', 'seasoning']","['ingredient', 'fixings']","['foodstuff', 'food_product']","['food', 'nutrient']",['substance'],['matter'],['physical_entity'],['entity'],,,,,,,
n07614500,"ice cream, icecream",['frozen_dessert'],"['dessert', 'sweet', 'afters']",['course'],"['nutriment', 'nourishment', 'nutrition', 'sustenance', 'aliment', 'alimentation', 'victuals']","['food', 'nutrient']",['substance'],['matter'],['physical_entity'],['entity'],,,,,,,,
n07615774,"ice lolly, lolly, lollipop, popsicle",['frozen_dessert'],"['dessert', 'sweet', 'afters']",['course'],"['nutriment', 'nourishment', 'nutrition', 'sustenance', 'aliment', 'alimentation', 'victuals']","['food', 'nutrient']",['substance'],['matter'],['physical_entity'],['entity'],,,,,,,,
n07695742,pretzel,['cracker'],"['bread', 'breadstuff', 'staff_of_life']",['baked_goods'],"['food', 'solid_food']",['solid'],['matter'],['physical_entity'],['entity'],,,,,,,,,
n07711569,mashed potato,"['potato', 'white_potato', 'Irish_potato', 'murphy', 'spud', 'tater']",['root_vegetable'],"['vegetable', 'veggie', 'veg']","['produce', 'green_goods', 'green_groceries', 'garden_truck']","['food', 'solid_food']",['solid'],['matter'],['physical_entity'],['entity'],,,,,,,,
n07715103,cauliflower,['cruciferous_vegetable'],"['vegetable', 'veggie', 'veg']","['produce', 'green_goods', 'green_groceries', 'garden_truck']","['food', 'solid_food']",['solid'],['matter'],['physical_entity'],['entity'],,,,,,,,,
n07720875,bell pepper,['sweet_pepper'],['pepper'],['solanaceous_vegetable'],"['vegetable', 'veggie', 'veg']","['produce', 'green_goods', 'green_groceries', 'garden_truck']","['food', 'solid_food']",['solid'],['matter'],['physical_entity'],['entity'],,,,,,,
n07734744,mushroom,"['vegetable', 'veggie', 'veg']","['produce', 'green_goods', 'green_groceries', 'garden_truck']","['food', 'solid_food']",['solid'],['matter'],['physical_entity'],['entity'],,,,,,,,,,
n07747607,orange,"['citrus', 'citrus_fruit', 'citrous_fruit']",['edible_fruit'],['fruit'],['reproductive_structure'],['plant_organ'],"['plant_part', 'plant_structure']",['natural_object'],"['whole', 'unit']","['object', 'physical_object']",['physical_entity'],['entity'],,,,,,
n07749582,lemon,"['citrus', 'citrus_fruit', 'citrous_fruit']",['edible_fruit'],['fruit'],['reproductive_structure'],['plant_organ'],"['plant_part', 'plant_structure']",['natural_object'],"['whole', 'unit']","['object', 'physical_object']",['physical_entity'],['entity'],,,,,,
n07753592,banana,['edible_fruit'],['fruit'],['reproductive_structure'],['plant_organ'],"['plant_part', 'plant_structure']",['natural_object'],"['whole', 'unit']","['object', 'physical_object']",['physical_entity'],['entity'],,,,,,,
n07768694,pomegranate,['edible_fruit'],['fruit'],['reproductive_structure'],['plant_organ'],"['plant_part', 'plant_structure']",['natural_object'],"['whole', 'unit']","['object', 'physical_object']",['physical_entity'],['entity'],,,,,,,
n07871810,"meat loaf, meatloaf",['dish'],"['nutriment', 'nourishment', 'nutrition', 'sustenance', 'aliment', 'alimentation', 'victuals']","['food', 'nutrient']",['substance'],['matter'],['physical_entity'],['entity'],,,,,,,,,,
n07873807,"pizza, pizza pie",['dish'],"['nutriment', 'nourishment', 'nutrition', 'sustenance', 'aliment', 'alimentation', 'victuals']","['food', 'nutrient']",['substance'],['matter'],['physical_entity'],['entity'],,,,,,,,,,
n07875152,potpie,['dish'],"['nutriment', 'nourishment', 'nutrition', 'sustenance', 'aliment', 'alimentation', 'victuals']","['food', 'nutrient']",['substance'],['matter'],['physical_entity'],['entity'],,,,,,,,,,
n07920052,espresso,"['coffee', 'java']","['beverage', 'drink', 'drinkable', 'potable']","['food', 'nutrient']",['substance'],['matter'],['physical_entity'],['entity'],,,,,,,,,,
n09193705,alp,"['mountain', 'mount']","['natural_elevation', 'elevation']","['geological_formation', 'formation']","['object', 'physical_object']",['physical_entity'],['entity'],,,,,,,,,,,
n09246464,"cliff, drop, drop-off","['geological_formation', 'formation']","['object', 'physical_object']",['physical_entity'],['entity'],,,,,,,,,,,,,
n09256479,coral reef,['reef'],['ridge'],"['natural_elevation', 'elevation']","['geological_formation', 'formation']","['object', 'physical_object']",['physical_entity'],['entity'],,,,,,,,,,
n09332890,"lakeside, lakeshore",['shore'],"['geological_formation', 'formation']","['object', 'physical_object']",['physical_entity'],['entity'],,,,,,,,,,,,
n09428293,"seashore, coast, seacoast, sea-coast",['shore'],"['geological_formation', 'formation']","['object', 'physical_object']",['physical_entity'],['entity'],,,,,,,,,,,,
n12267677,acorn,['fruit'],['reproductive_structure'],['plant_organ'],"['plant_part', 'plant_structure']",['natural_object'],"['whole', 'unit']","['object', 'physical_object']",['physical_entity'],['entity'],,,,,,,,
